Model,MAE,RMSE,MAPE
SARIMA,14558.213218740857,18869.806792176463,13.959811492761562
Prophet,20296.007410121754,22487.46569414123,21.892588781804477
XGBoost,17718.097395833334,19975.436023638,17.977436258207167
